"","2031199_A5","B220819_C8","D15.01276.01","D18.02786.02","D19.01661.02","D20.00840.02","D21.00483.01","N181650.A7","N181650_A2","N190186.B1","N190393.A3","N191724.A2","N210403.B3","N211161.A4","N212541.A2","N220339.A4","X18.06732.02","X18.09852.02","X19.08326.02","Z0502927.A3","Z0520920.B3","Z0521061.B4","Z0521146.A2","Z0940919.A1","Z0952754.A2","a78804"
"Acetothermiia",0,0,0,0,0,0,0,0,0,0,0,0,0,105,207,0,0,0,0,0,0,0,0,0,39,0
"Occallatibacter",0,0,0,0,0,0,0,11,0,0,0,0,0,0,0,0,0,0,0,0,0,0,6,0,0,0
"d__Bacteria_Acidobacteriota_Acidobacteriae_Acidobacteriales_uncultured_uncultured",14,0,0,0,0,0,0,4,6,7,0,0,0,23,10,0,0,0,0,0,0,0,0,0,8,0
"Bryobacter",0,0,0,0,0,0,0,0,0,0,0,0,0,7,41,0,0,0,0,0,0,0,0,0,18,0
"Candidatus_Solibacter",9,0,0,0,0,0,0,0,5,0,0,0,0,0,0,0,0,0,0,0,0,0,0,0,0,0
"Subgroup_13",7,0,11,4,0,0,0,0,3,0,17,0,0,17,0,0,3,15,0,0,0,0,0,0,172,0
"Subgroup_2",6,0,0,0,0,0,0,0,7,0,0,0,0,11,0,0,0,0,0,0,0,0,0,0,12,0
"Aminicenantales",2,0,0,0,0,0,0,0,2,0,0,0,0,0,0,0,0,0,0,0,0,0,0,0,0,0
"11-24",0,0,6,0,0,0,135,0,0,0,10,0,0,26,48,0,2,6,6,0,0,0,0,0,142,0
"JGI_0001001-H03",0,0,0,0,0,0,0,0,0,0,0,0,0,13,28,0,0,0,0,0,0,0,0,0,7,0
"d__Bacteria_Acidobacteriota_Blastocatellia_Blastocatellales_Blastocatellaceae_uncultured",11,0,0,101,0,0,0,0,0,0,2,4,0,0,0,0,0,0,0,0,0,0,0,0,0,0
"Chloracidobacterium",0,0,0,0,0,0,0,0,0,0,0,0,0,115,275,0,0,0,0,0,0,0,0,0,79,0
"RB41",0,0,0,77,0,112,196,0,0,0,3,0,6,0,0,0,0,17,7,0,0,0,0,0,0,14
"Subgroup_7",4,0,0,344,3,9,650,0,7,0,11,6,5,0,0,0,0,23,38,0,11,0,0,0,0,45
"Subgroup_22",0,0,0,0,0,0,0,0,0,2,0,0,0,0,0,0,0,0,0,0,0,6,0,0,0,0
"Subgroup_5",0,0,0,0,84,0,0,0,0,0,0,4,4,0,0,3,0,0,0,0,0,0,0,0,0,0
"Subgroup_17",0,0,0,0,0,0,11,0,0,17,0,0,0,0,0,0,0,0,0,0,0,5,0,0,0,3
"d__Bacteria_Acidobacteriota_Vicinamibacteria_Vicinamibacterales_uncultured_uncultured",4,0,0,0,0,5,534,0,0,54,8,0,0,0,0,0,0,7,12,0,7,0,8,0,0,28
"Vicinamibacter",0,0,0,0,0,0,0,0,0,20,0,0,0,0,0,0,0,0,0,0,0,9,0,0,0,0
"Vicinamibacteraceae",0,0,12,91,0,0,0,0,0,62,0,7,0,0,0,0,0,0,0,0,0,33,20,10,11,2
"Candidatus_Actinomarina",0,0,0,41,4,5,0,0,0,0,18,14,14,0,1280,15,0,2,0,15,3,0,0,0,0,24
"d__Bacteria_Actinobacteriota_Acidimicrobiia_Actinomarinales_uncultured_uncultured",22,0,0,0,0,0,0,5,11,82,0,0,0,0,5,0,0,0,0,0,0,31,5,4,0,0
"IMCC26256",3,0,0,0,4,0,0,0,4,8,0,0,0,0,0,0,0,0,0,0,0,0,0,0,0,0
"Iamia",0,0,0,0,0,0,0,0,0,21,0,0,0,0,0,0,0,0,0,0,0,0,0,0,0,0
"d__Bacteria_Actinobacteriota_Acidimicrobiia_Microtrichales_uncultured_uncultured",0,15,0,0,0,0,2,0,0,0,0,0,0,0,0,0,0,0,0,0,0,8,0,0,0,13
"0319-7L14",0,0,0,3,0,0,183,0,0,0,0,0,3,0,0,0,0,5,4,0,0,0,0,0,0,14
"Actinomyces",56,0,0,0,0,20,10,0,23,0,0,0,0,3,13,0,0,0,0,0,0,0,0,0,0,0
"Aeriscardovia",11,0,0,0,0,0,0,0,7,0,0,0,0,0,0,0,0,0,0,0,0,0,0,0,0,0
"Bifidobacterium",0,0,0,6,0,0,0,154,0,17,0,0,0,0,158,0,0,0,0,0,0,33,25,30,0,13
"Gardnerella",280,0,0,0,0,0,0,0,37,0,0,0,0,0,31,0,0,0,0,0,0,14,0,0,0,0
"Corynebacterium",83,0,0,0,0,0,0,9,37,17,0,0,0,0,29,0,22,0,0,89,14,5,0,4,0,0
"Dietzia",17,0,0,0,0,0,0,0,9,0,2,0,0,0,0,0,18,0,0,0,0,0,0,0,0,0
"Mycobacterium",0,0,4,0,0,0,0,0,0,0,0,0,4,0,0,0,0,0,0,0,0,0,0,0,0,0
"Rhodococcus",0,9,0,0,0,0,0,0,0,0,9,0,0,0,0,0,13,4,0,11,0,0,0,0,0,0
"Antricoccus",4,0,0,0,0,0,0,0,4,0,0,0,0,0,0,0,0,0,0,0,0,0,0,0,0,0
"hgcI_clade",0,0,0,0,0,0,0,0,0,0,0,0,0,0,5,0,0,0,0,0,0,0,0,6,0,0
"Brevibacterium",8,0,0,0,0,0,0,0,6,0,0,0,0,0,0,0,0,0,0,0,0,0,0,0,0,0
"Agrococcus",23,24,0,0,0,0,0,0,24,0,0,0,0,0,0,0,0,0,0,0,0,0,0,0,0,0
"Agromyces",43,0,0,4,0,0,0,0,0,55,0,0,0,0,0,2,0,0,0,0,0,30,0,0,0,0
"Candidatus_Aquiluna",23,0,0,0,0,0,0,0,0,0,0,0,0,0,0,0,0,0,0,0,4,0,0,0,0,0
"Frigoribacterium",42,0,0,0,0,0,0,0,17,0,0,0,0,0,0,0,0,0,0,0,0,0,0,0,0,0
"Glutamicibacter",37,0,0,0,0,0,0,0,20,0,0,0,0,0,0,0,0,0,0,0,0,0,0,0,0,0
"Kocuria",0,0,0,3,0,0,0,0,0,0,4,0,0,0,0,0,0,0,0,0,0,0,0,0,0,110
"Paeniglutamicibacter",35,0,0,0,0,0,0,0,25,0,0,0,0,0,0,0,0,0,0,0,0,0,0,0,0,0
"Rothia",0,0,0,0,0,0,0,6,13,0,0,0,0,0,0,0,0,0,0,0,0,0,0,13,5,0
"Promicromonospora",3,0,0,0,0,0,0,0,27,22,0,0,0,0,0,0,0,0,0,0,0,5,0,0,0,0
"Micromonospora",0,0,0,0,0,0,0,0,0,0,2,0,15,0,0,0,0,0,0,0,0,0,0,0,0,0
"Virgisporangium",14,0,0,0,0,0,0,0,11,0,0,0,0,0,0,0,0,0,0,0,0,0,0,0,0,0
"Marmoricola",50,0,0,0,0,0,0,0,30,0,0,7,0,0,0,0,0,0,0,0,0,0,0,0,0,0
"d__Bacteria_Actinobacteriota_Actinobacteria_Propionibacteriales_Propionibacteriaceae_uncultured",15,0,0,0,0,0,0,0,14,0,0,0,0,0,0,0,0,0,0,0,0,0,0,0,0,0
"Pseudonocardia",0,53,0,0,0,0,0,0,29,11,0,0,0,0,0,0,0,0,0,0,0,9,0,0,0,0
"Saccharopolyspora",39,0,64,0,0,0,0,0,0,0,0,0,0,0,0,0,0,0,0,0,0,0,0,0,0,0
"Streptomyces",0,0,0,0,0,0,0,11,0,43,0,0,0,0,0,0,0,0,0,0,0,0,0,0,0,0
"Atopobium",348,1439,2,0,75,0,0,0,0,0,3,0,0,0,0,0,0,0,0,0,3,0,0,0,0,0
"Coriobacteriaceae_UCG-002",8,0,0,0,0,0,0,19,3,10,0,0,0,0,0,0,0,0,0,0,4,7,12,11,2,0
"Olsenella",9,0,4,0,0,0,0,0,9,0,2,0,0,4,0,0,0,3,0,0,0,0,0,0,67,0
"Raoultibacter",0,0,0,0,0,0,0,0,0,0,0,2,7,0,0,0,0,0,0,0,0,0,0,0,0,0
"d__Bacteria_Actinobacteriota_Coriobacteriia_Coriobacteriales_Coriobacteriales_Incertae_Sedis_uncultured",0,0,0,0,0,0,0,0,0,0,0,7,21,0,0,0,0,0,0,0,0,0,0,0,0,0
"DNF00809",0,0,0,0,0,0,0,0,0,0,0,0,0,0,0,0,0,0,0,4,56,0,0,0,0,0
"Enterorhabdus",40,0,0,0,0,0,16,0,13,0,0,0,0,0,16,0,49,0,0,189,1370,4,7,8,0,11
"d__Bacteria_Actinobacteriota_Coriobacteriia_Coriobacteriales_Eggerthellaceae_uncultured",3,0,0,0,0,0,0,0,2,0,0,0,0,0,0,0,0,0,0,0,0,0,0,0,0,0
"OPB41",0,0,0,14,0,0,0,0,0,0,0,0,0,0,8,0,0,0,0,0,0,0,0,0,0,0
"MB-A2-108",7,0,0,0,0,0,0,0,12,0,2,0,0,0,0,0,0,0,0,0,0,6,0,0,0,8
"Rubrobacter",24,0,0,0,0,0,0,2,27,0,0,0,0,0,9,0,0,0,0,0,0,6,0,0,0,0
"Gaiella",13,0,0,23,70,0,64,0,8,32,0,0,5,0,0,0,0,3,3,0,5,15,0,0,0,0
"d__Bacteria_Actinobacteriota_Thermoleophilia_Gaiellales_uncultured_uncultured",19,0,2,20,0,0,0,0,15,0,3,0,11,0,0,0,0,0,0,0,0,17,0,0,0,0
"67-14",16,0,0,0,0,0,0,0,10,13,0,0,0,0,7,0,0,0,0,0,0,0,0,0,0,0
"Conexibacter",0,0,0,0,0,0,2,0,0,0,0,4,5,0,0,0,0,0,0,0,0,0,0,0,0,95
"Parviterribacter",13,0,0,0,0,0,0,0,8,0,0,0,0,0,0,0,0,0,0,0,0,0,0,0,0,0
"d__Bacteria_Actinobacteriota_Thermoleophilia_Solirubrobacterales_Solirubrobacteraceae_uncultured",0,0,8,0,0,0,0,0,0,0,0,0,7,0,0,0,0,0,0,0,0,0,0,0,0,0
"Hydrogenobacter",0,0,0,0,0,0,0,0,0,0,0,0,0,5,7,0,0,0,0,0,0,0,0,0,0,0
"Chthonomonas",0,0,0,0,0,0,0,0,0,0,0,0,0,50,184,0,0,0,0,0,0,0,0,0,28,0
"d__Bacteria_Armatimonadota_uncultured_uncultured_uncultured_uncultured",8,0,0,0,0,0,0,3,5,2,0,0,0,17,142,0,0,0,0,0,0,2,0,0,18,0
"Bacteroides",65,0,22,10,0,4,25,456,145,0,36,0,32,22,268,0,444,27,21,192,1535,0,158,68,828,12
"Bacteroidetes_vadinHA17",0,0,5,62,0,0,0,0,0,0,0,0,0,0,0,0,0,0,0,0,0,0,0,0,0,0
"Candidatus_Armantifilum",0,0,0,0,0,0,0,0,0,0,0,15,162,0,8,0,0,0,0,0,0,0,0,0,0,0
"Candidatus_Azobacteroides",0,0,0,9,7,0,0,0,0,0,7,14,546,0,4,5,0,0,0,0,0,0,0,0,0,4
"Candidatus_Symbiothrix",0,0,0,2,2,0,0,0,0,0,0,0,85,0,0,0,0,0,0,0,0,0,0,0,0,0
"Fermentimonas",10,0,0,0,0,0,0,0,6,0,0,0,0,0,0,0,0,0,0,0,0,0,0,0,0,0
"Petrimonas",0,0,0,0,0,0,0,0,0,0,0,0,0,0,10,0,0,0,0,0,0,3,0,0,0,0
"Proteiniphilum",2,0,0,0,0,0,0,0,7,0,0,0,3,2,0,0,0,0,0,0,0,0,0,0,0,0
"d__Bacteria_Bacteroidota_Bacteroidia_Bacteroidales_Dysgonomonadaceae_uncultured",0,0,0,0,0,0,0,0,0,0,0,3,6,0,0,0,0,0,0,0,0,0,0,0,0,0
"Butyricimonas",0,0,0,0,0,0,0,42,0,0,0,0,0,0,0,0,0,0,0,0,0,0,3,8,0,0
"Odoribacter",0,0,0,0,2,0,0,2,0,0,0,0,65,0,26,0,11,0,0,10,263,0,4,0,0,0
"Muribaculaceae",156,21,3,24,14,10,202,862,345,85,7,6,5,15,450,0,589,14,0,1922,16246,215,111,278,310,142
"Muribaculum",4,0,0,0,0,0,0,0,0,0,0,0,0,0,0,0,12,0,0,63,353,11,13,25,6,0
"p-2534-18B5_gut_group",0,0,0,0,0,2,0,0,0,0,0,0,16,0,0,0,0,0,0,0,0,0,0,0,0,0
"d__Bacteria_Bacteroidota_Bacteroidia_Bacteroidales_Paludibacteraceae_uncultured",0,0,0,2,5,0,0,0,0,0,0,6,142,0,0,2,0,0,0,0,0,0,0,0,0,3
"Porphyromonas",30,0,83,90,7,48,80,0,17,0,3,0,166,0,22,0,0,100,66,5,3,0,0,0,0,2
"Alloprevotella",15,0,3,0,0,0,0,0,0,0,0,0,0,0,5,0,22,6,0,19,252,0,0,0,0,2
"Prevotella",3,0,5,0,112,0,0,0,2,9,2,0,0,0,39,0,4,2,0,0,18,21,0,4,29,0
"Prevotellaceae_UCG-001",0,0,0,0,0,0,0,6,0,0,3,0,0,0,0,0,12,0,0,43,249,0,0,0,22,8
"Prevotellaceae_UCG-003",12,0,0,0,0,2,0,0,0,0,0,0,6,0,0,0,0,0,0,2,0,0,0,0,0,0
"d__Bacteria_Bacteroidota_Bacteroidia_Bacteroidales_Prolixibacteraceae_uncultured",0,0,0,314,4,0,0,0,0,0,8,6,7,0,4,0,0,0,0,0,0,0,0,0,0,7
"Alistipes",0,11,0,5,9,0,3,55,27,2,3,2,2,3,442,0,36,0,0,30,355,12,47,2,69,7
"Rikenella",0,0,0,0,0,0,2,0,0,0,0,0,0,0,0,0,21,0,3,20,143,0,0,0,0,2
"Rikenellaceae_RC9_gut_group",0,0,32,83,0,0,5,0,26,0,29,2,0,35,85,0,21,60,0,42,439,7,0,0,1064,3
"Rs-E47_termite_group",0,0,0,0,2,0,0,0,0,0,0,4,49,0,0,0,0,0,0,0,0,0,0,0,0,0
"SB-5",3,0,0,0,0,0,0,0,4,0,0,0,0,0,0,0,0,0,0,0,0,0,0,0,0,0
"Candidatus_Vestibaculum",0,0,0,0,0,0,0,0,0,0,0,3,19,0,0,0,0,0,0,0,0,0,0,0,0,0
"Parabacteroides",7,0,27,3,19,0,11,29,29,0,10,0,0,14,131,0,89,17,0,57,572,0,45,32,396,8
"Tannerella",0,0,7,0,0,6,6,0,0,0,0,0,23,0,0,0,0,15,9,0,0,0,0,0,0,0
"BCf9-17_termite_group",0,0,0,0,0,0,0,0,0,0,0,6,55,0,2,0,0,0,0,0,0,0,0,0,0,0
"Rs-D38_termite_group",0,0,0,0,0,0,0,0,0,0,6,10,143,0,10,0,0,0,0,0,0,0,0,0,0,0
"37-13",0,0,0,0,0,0,0,0,0,0,0,0,0,13,6,0,0,0,0,0,0,0,0,0,5,0
"Chitinophaga",54,74,0,0,0,0,0,0,40,0,0,0,0,0,0,0,0,0,0,0,3,0,0,0,0,7
"Edaphobaculum",0,0,0,0,0,0,0,0,0,0,0,6,0,0,0,0,0,0,3,0,0,0,0,0,0,0
"Ferruginibacter",0,0,0,245,3,0,0,0,0,0,0,0,0,0,0,0,0,0,0,0,0,0,0,0,14,0
"Flavisolibacter",20,25,0,53,0,0,0,0,13,0,0,0,0,0,0,0,0,0,0,22,0,0,0,0,0,0
"Puia",0,0,0,0,0,1300,20,0,0,0,0,0,0,0,0,0,0,37,41,13,0,0,0,0,0,0
"Sediminibacterium",0,54,0,0,0,0,0,0,6,0,0,0,0,0,0,0,0,0,0,0,0,0,0,0,0,0
"Phaeodactylibacter",0,0,0,251,164,5230,4613,0,0,0,11703,5114,290,132,208,2729,97,11757,14988,35,28,0,0,0,181,347
"d__Bacteria_Bacteroidota_Bacteroidia_Chitinophagales_Saprospiraceae_uncultured",0,0,0,0,0,0,0,0,0,0,0,0,0,137,156,0,0,0,0,0,0,0,0,0,21,0
"Bernardetia",0,0,0,21,16,413,339,0,0,0,1031,603,22,18,10,218,12,1061,1586,6,0,0,0,0,16,18
"Reichenbachiella",0,0,0,0,0,9,2,0,0,0,8,9,0,0,0,0,0,17,17,0,0,0,0,0,0,0
"Cytophaga",0,0,0,0,0,0,0,0,0,0,0,0,0,15,39,0,0,0,0,0,0,0,0,0,8,0
"Flexithrix",0,0,0,0,0,0,0,0,0,0,5,0,0,0,0,0,0,3,4,0,0,0,0,0,0,0
"Adhaeribacter",2,0,0,0,0,0,0,0,3,0,0,0,0,0,0,0,0,0,0,0,0,0,0,0,0,0
"Hymenobacter",6,0,0,0,0,0,0,0,3,0,0,0,0,0,0,0,0,0,0,0,0,0,0,0,0,0
"Pontibacter",0,0,0,0,0,0,0,0,6,0,0,0,0,0,0,0,0,0,0,16,0,3,0,0,0,0
"Chryseolinea",0,0,0,0,0,0,0,0,0,13,0,0,0,0,0,0,0,0,0,4,0,0,0,0,0,0
"d__Bacteria_Bacteroidota_Bacteroidia_Cytophagales_Microscillaceae_uncultured",6,0,0,0,0,0,0,0,0,14,0,0,0,0,0,0,0,0,0,6,6,0,7,0,0,0
"Raineya",0,0,0,0,0,0,0,0,0,0,0,0,0,10,9,0,0,0,0,0,0,0,0,0,0,0
"Dyadobacter",0,0,2,0,0,0,0,0,0,0,0,0,0,4,0,0,0,0,0,0,0,0,0,0,50,0
"Runella",0,0,0,430,5,0,0,0,0,0,12,9,4,0,3,3,0,0,0,0,0,0,0,0,0,8
"Fluviicola",0,0,0,16,9,108,122,0,0,0,366,152,0,0,4,76,0,290,358,0,0,0,0,0,0,15
"d__Bacteria_Bacteroidota_Bacteroidia_Flavobacteriales_Cryomorphaceae_uncultured",0,0,7,0,0,0,0,0,0,0,0,0,4,20,18,0,0,0,0,0,0,0,0,0,0,0
"Arenibacter",0,0,0,0,0,0,0,0,0,0,4,0,0,0,0,0,0,0,2,0,0,0,0,0,0,0
"Marixanthomonas",0,0,0,0,0,28,23,0,0,0,72,25,0,0,0,13,0,47,81,0,0,0,0,0,0,0
"NS4_marine_group",0,0,5,0,0,0,0,0,0,0,0,3,0,0,4,0,0,0,0,6,0,0,0,0,0,0
"Tenacibaculum",0,0,0,4,0,50,32,0,0,0,173,44,5,6,0,41,4,131,127,0,0,0,0,0,7,0
"Winogradskyella",17,0,0,0,0,0,0,0,9,0,0,0,0,0,0,0,0,0,0,0,0,0,0,0,0,0
"NS9_marine_group",4,0,0,3,0,0,0,0,5,0,0,0,0,0,46,0,0,0,0,0,0,0,0,0,0,0
"Bergeyella",0,0,0,0,0,0,6,0,0,0,0,0,8,0,0,0,0,4,2,0,0,0,0,0,0,0
"SM1A07",0,0,0,0,0,0,0,0,0,0,0,0,0,0,30,0,0,0,0,0,0,0,0,0,4,0
"Mucilaginibacter",14,0,0,0,0,0,0,0,2,0,0,0,0,0,0,0,0,0,0,0,0,0,3,5,0,0
"GBChlB",0,0,0,0,0,0,0,0,0,0,0,0,0,82,337,0,0,0,0,0,0,0,0,0,44,0
"Kapabacteriales",5,0,9,0,0,8,9,0,2,0,0,0,44,13,23,0,0,13,3,0,0,0,0,0,5,3
"Peredibacter",0,0,0,8,0,6,8,0,0,0,59,43,0,0,0,5,0,55,62,0,0,0,0,0,0,0
"Bdellovibrio",6,0,0,0,0,0,32,0,4,0,0,0,0,0,0,0,0,0,0,0,0,0,0,0,0,3
"OM27_clade",3,0,0,0,0,0,0,0,3,0,6,0,0,0,0,0,0,0,0,0,0,0,0,0,0,2
"Calditrichaceae",3,0,0,0,0,0,0,0,3,0,0,0,0,0,0,0,0,0,0,0,0,0,0,0,0,0
"Campylobacter",0,0,7,0,17,12,8,0,0,0,0,0,17,0,27,0,0,7,14,0,0,0,0,0,2,0
"Helicobacter",0,0,0,0,0,0,0,0,0,0,0,0,0,7,5,0,0,0,0,30,269,0,4,0,0,5
"Wolinella",0,0,0,0,0,0,4,0,0,0,0,0,0,0,0,0,0,0,2,0,0,0,0,0,0,0
"Rs-M59_termite_group",0,0,0,0,0,0,0,0,0,0,0,4,15,0,0,0,0,0,0,0,0,0,0,0,0,0
"d__Bacteria_Chloroflexi_Anaerolineae_Anaerolineales_Anaerolineaceae_uncultured",7,0,0,0,0,0,0,0,5,0,0,0,0,89,214,0,0,0,0,0,0,0,0,0,45,0
"d__Bacteria_Chloroflexi_Anaerolineae_Ardenticatenales_uncultured_uncultured",2,0,0,0,0,0,0,0,4,0,0,0,0,0,0,0,0,0,0,0,0,0,0,0,0,0
"RBG-13-54-9",9,0,0,0,0,0,0,0,6,0,0,0,0,312,908,0,0,0,0,0,0,0,0,0,167,0
"A4b",0,0,0,0,0,0,0,0,0,0,0,0,0,183,386,0,0,0,0,0,0,0,0,0,94,0
"SBR1031",0,0,0,0,0,0,0,0,0,0,0,0,0,13,16,0,0,0,0,0,0,0,0,0,15,0
"SJA-15",0,0,0,2,2,0,0,0,0,0,0,0,0,0,0,0,0,0,0,0,0,0,0,0,0,0
"d__Bacteria_Chloroflexi_Anaerolineae_uncultured_uncultured_uncultured",9,0,0,0,0,0,0,0,7,0,0,0,0,0,0,0,0,0,0,0,0,0,0,0,0,0
"Chloroflexus",0,0,0,0,0,0,0,0,0,0,0,0,0,123,444,0,0,0,0,0,0,0,0,0,93,0
"Roseiflexus",0,0,0,0,0,0,0,0,0,0,0,0,0,112,267,0,0,0,0,0,0,0,0,0,38,0
"d__Bacteria_Chloroflexi_Chloroflexia_Chloroflexales_Roseiflexaceae_uncultured",0,0,0,0,0,0,0,0,0,0,0,0,0,27,2,0,0,0,0,0,0,0,0,0,3,0
"AKYG1722",2,0,0,0,0,0,0,0,22,0,0,0,0,0,0,0,0,0,0,0,0,0,0,0,0,0
"JG30-KF-CM45",58,0,0,0,0,0,0,0,27,0,0,0,0,0,3,0,0,0,0,0,0,5,4,0,0,0
"JG30-KF-CM66",0,0,0,0,0,0,0,0,0,13,0,0,0,0,0,0,0,0,0,0,0,8,0,0,0,0
"KD4-96",0,0,0,0,0,0,0,0,0,16,0,0,0,0,0,0,0,0,0,0,0,13,0,0,0,0
"B12-WMSP1",3,0,0,0,0,0,0,0,6,0,0,0,0,0,0,0,0,0,0,0,0,0,0,0,0,0
"C0119",24,0,0,0,0,0,0,0,12,0,0,0,0,0,0,0,0,0,0,0,0,0,0,0,0,0
"OLB14",12,0,0,0,0,0,0,0,2,0,0,0,0,10,16,0,0,0,0,0,0,0,0,0,5,0
"Gloeocapsa_PCC-7428",0,0,0,0,0,0,0,0,0,0,0,0,0,6,5,0,0,0,0,0,0,0,0,0,0,0
"Calothrix_PCC-6303",0,0,0,0,0,0,0,0,0,0,0,0,0,58,58,0,0,0,0,0,0,0,0,0,32,0
"Candidatus_Gloeomargarita",0,0,0,0,0,0,0,0,0,0,0,0,0,13,93,0,0,0,0,0,0,0,0,0,15,0
"d__Bacteria_Cyanobacteria_Cyanobacteriia_Eurycoccales_uncultured_uncultured",0,0,0,0,0,0,0,0,0,0,0,0,0,80,861,0,0,0,0,0,0,0,0,0,139,0
"Greenland-10",0,0,0,0,0,0,0,0,0,0,0,0,0,82,243,0,0,0,0,0,0,0,0,0,48,0
"Geitlerinema_PCC-8501",0,0,0,0,0,0,0,0,0,0,0,0,0,191,377,0,0,0,0,0,0,0,0,0,133,0
"Leptolyngbya_ANT.L52.2",0,0,0,0,0,0,0,0,0,0,0,0,0,92,52,0,0,0,0,0,0,0,0,0,28,0
"Unknown_Family",0,0,0,0,0,0,0,0,0,0,0,0,0,59,16,0,0,0,0,0,0,0,0,0,0,0
"d__Bacteria_Cyanobacteria_Cyanobacteriia_Pseudanabaenales_Pseudanabaenaceae_uncultured",0,0,0,0,0,0,0,0,0,0,0,0,0,64,74,0,0,0,0,0,0,0,0,0,11,0
"RD017",0,0,0,0,0,0,0,0,0,0,0,0,0,2,62,0,0,0,0,0,0,0,0,0,10,0
"Cyanobium_PCC-6307",0,0,0,0,10,0,0,0,0,0,0,0,4,0,9,0,0,0,0,0,0,0,0,0,0,0
"Prochlorococcus_MIT9313",33,0,0,0,0,0,0,0,102,0,0,0,0,0,0,0,0,0,0,0,0,0,0,0,0,0
"Synechococcus_CC9902",0,4,0,7,0,0,0,0,0,0,0,0,0,0,26,0,0,0,0,20,0,0,0,0,0,0
"Thermosynechococcus_BP-1",0,0,0,0,0,0,0,0,0,0,0,0,0,31,76,0,0,0,0,0,0,0,0,0,22,0
"Sericytochromatia",27,12,0,0,0,0,0,0,6,0,0,0,0,0,0,0,0,0,0,0,0,0,0,0,0,0
"Gastranaerophilales",0,4,0,0,0,0,0,0,0,0,0,0,0,0,0,0,0,0,0,0,4,0,0,0,0,0
"Mucispirillum",0,0,0,0,0,0,0,0,0,0,0,0,0,0,0,0,4,0,0,34,159,0,0,0,0,0
"Meiothermus",0,0,0,0,0,0,0,0,0,0,0,0,0,14,32,0,0,0,0,0,0,0,0,0,0,0
"Babeliaceae",0,0,0,0,0,0,0,0,0,0,0,0,0,18,20,0,0,0,0,0,0,0,0,0,9,0
"Babeliales",0,0,0,0,0,0,0,0,0,0,0,0,0,30,2,0,0,0,0,0,0,0,0,0,0,0
"d__Bacteria_Desulfobacterota_Desulfobulbia_Desulfobulbales_Desulfocapsaceae_uncultured",11,0,0,0,0,0,0,0,6,0,0,0,0,0,0,0,0,0,0,0,0,0,0,0,0,0
"Desulfomicrobium",0,0,2,0,0,0,3,0,0,0,0,0,5,0,0,0,0,0,0,0,0,0,0,0,0,0
"Bilophila",0,0,0,0,0,0,0,0,0,0,0,0,0,0,0,0,0,0,0,0,9,0,0,0,13,0
"Desulfovibrio",4,11,0,0,0,5,25,0,3,5,0,0,0,0,5,0,97,0,0,212,1925,7,0,5,0,27
"d__Bacteria_Desulfobacterota_Desulfovibrionia_Desulfovibrionales_Desulfovibrionaceae_uncultured",0,0,0,0,0,0,0,0,0,0,0,0,0,0,0,0,3,0,0,2,19,0,0,0,0,0
"Geobacter",9,0,0,0,0,0,0,0,0,0,0,0,0,0,0,0,0,0,0,0,0,0,21,5,0,0
"PB19",3,0,0,0,0,0,0,0,2,0,0,0,0,0,0,0,0,0,0,0,0,0,0,0,0,0
"Syntrophus",0,0,5,0,0,0,0,0,0,0,7,0,0,8,0,0,0,5,0,0,0,0,0,0,77,0
"Endomicrobium",0,0,40,33,43,0,0,0,0,0,30,76,1626,0,40,30,0,0,0,0,0,0,0,0,0,11
"possible_genus_04",0,0,0,118,0,0,0,0,0,0,0,0,0,0,0,2,0,0,0,0,0,0,0,0,0,3
"Anaeroplasma",0,0,0,0,0,0,0,0,11,0,0,0,0,0,7,0,0,0,0,0,0,0,0,0,0,0
"Tumebacillus",0,0,0,42,0,0,0,0,0,0,0,4,0,0,0,0,0,0,0,0,0,0,0,0,0,0
"Aneurinibacillus",8,0,0,0,0,0,0,0,7,0,0,0,0,0,0,0,0,0,0,0,0,0,0,0,0,0
"Anoxybacillus",25,0,0,0,0,0,0,0,52,0,0,0,0,0,0,0,0,0,0,0,0,0,0,0,0,0
"Bacillus",0,0,0,0,0,0,85,49,0,375,80,27,28,0,0,0,0,62,96,0,0,134,25,31,0,14
"Calditerricola",12,0,0,0,0,0,0,0,3,0,0,0,0,0,0,0,0,0,0,0,0,0,0,0,0,0
"Geobacillus",0,0,0,0,0,0,0,13,0,0,0,0,0,0,0,10,0,0,0,0,0,46,0,7,0,0
"d__Bacteria_Firmicutes_Bacilli_Bacillales_Bacillaceae_uncultured",18,0,0,0,0,0,0,0,14,0,0,0,0,0,0,0,0,0,0,0,0,0,0,0,0,0
"Spiroplasma",687,0,0,0,0,0,0,0,304,0,0,0,0,0,0,0,0,0,0,0,0,0,0,0,0,0
"Asteroleplasma",0,0,0,0,0,0,0,0,0,0,0,0,0,0,2,0,0,0,0,0,2,0,0,0,0,0
"Catenibacterium",21,0,0,0,0,0,0,0,14,0,0,0,0,7,6,0,0,0,0,0,0,0,0,0,0,0
"Coprobacillus",0,0,4,0,0,0,0,0,0,0,4,0,0,0,0,0,0,0,0,0,0,0,0,0,37,0
"Erysipelatoclostridium",195,9,0,148,0,0,0,21,116,0,4,0,0,14,0,0,31,0,0,0,5,0,0,9,27,0
"[Anaerorhabdus]_furcosa_group",0,0,0,0,0,5,3,0,0,0,0,0,7,0,0,0,0,4,3,0,0,0,0,0,0,0
"Allobaculum",4,0,0,0,0,0,0,0,11,0,0,0,0,0,0,0,0,0,0,0,0,0,0,0,0,0
"Dubosiella",78,0,0,25,10,0,0,0,41,0,15,19,21,0,2303,14,0,0,0,0,0,0,0,0,7,0
"Erysipelotrichaceae",0,0,0,0,0,0,17,0,2,0,2,0,0,0,0,0,32,0,0,83,734,2,4,0,0,8
"Faecalicoccus",0,0,0,0,0,0,0,0,0,0,0,0,0,0,4,0,0,0,0,0,0,0,0,0,27,0
"Holdemanella",77,0,0,0,0,0,0,0,31,0,0,0,0,0,0,0,0,0,0,0,0,0,0,0,0,0
"d__Bacteria_Firmicutes_Bacilli_Erysipelotrichales_Erysipelotrichaceae_uncultured",0,0,0,0,0,0,0,0,0,0,0,0,0,0,0,0,2,0,0,2,51,0,0,0,0,0
"ZOR0006",0,0,0,0,0,0,0,3,14,5,0,0,0,0,0,0,0,0,0,0,0,8,59,6,0,0
"Exiguobacterium",29,0,0,120,0,0,0,15,15,20,0,0,0,0,0,0,0,0,0,0,0,24,192,113,0,0
"Atopostipes",0,0,0,12,3,0,0,0,0,0,0,0,0,0,0,0,0,0,0,0,0,0,0,0,0,0
"Granulicatella",0,0,0,0,0,135,0,0,0,0,0,0,0,0,0,0,0,6,0,0,0,0,0,0,0,0
"Trichococcus",0,0,0,37,0,0,0,0,0,0,0,0,0,0,14,0,0,0,0,0,0,0,0,0,0,0
"Enterococcus",531,17,0,0,99,0,0,0,149,0,0,0,0,0,0,0,0,0,0,0,0,0,0,0,0,0
"Lactobacillus",235,0,0,0,22,0,6,371,157,101,0,16,0,0,76,0,14,0,9,48,39,109,65,8,0,132
"Leuconostoc",0,0,0,0,0,0,0,0,0,0,6,0,0,0,0,0,144,0,0,0,0,0,0,0,0,0
"Lactococcus",11,0,0,0,0,0,0,0,0,0,0,0,0,0,0,0,24,0,0,0,0,0,0,0,0,0
"Streptococcus",46,0,8,254,0,0,696,0,8,0,11,0,23,3,19,0,0,23,34,15,128,6,24,0,0,40
"Candidatus_Bacilloplasma",0,0,0,0,0,0,0,0,0,0,0,4,0,0,0,0,0,0,6,0,0,0,0,0,0,0
"Mycoplasma",0,0,2,3,0,0,0,0,0,0,0,35,316,0,0,0,15,0,0,26,328,23,0,0,0,4
"Cohnella",8,0,0,0,0,0,0,0,4,0,0,0,0,0,0,0,0,0,0,0,0,0,0,0,0,0
"Paenibacillus",9,0,0,8,0,0,0,0,5,5,0,0,0,0,0,0,0,0,0,75,0,26,16,55,0,0
"Thermobacillus",2,0,0,0,0,0,0,0,6,0,0,0,0,0,0,0,0,0,0,0,0,0,0,0,0,0
"RF39",7,0,0,0,0,0,0,0,6,0,4,0,0,0,0,0,0,4,0,0,0,0,0,0,84,0
"Salinicoccus",0,0,0,182,0,0,0,0,0,0,6,4,0,0,0,3,0,0,0,0,0,0,0,0,0,0
"Novibacillus",5,0,0,0,0,0,0,0,3,0,0,0,0,0,0,0,0,0,0,0,0,0,0,0,0,0
"d__Bacteria_Firmicutes_Bacilli_uncultured_uncultured_uncultured",4,0,0,0,0,0,0,0,3,0,0,0,0,0,0,0,0,0,0,0,0,0,0,0,0,0
"Caldicoprobacter",0,0,0,0,0,0,0,0,0,0,0,0,0,0,12,0,0,0,0,4,0,0,0,0,0,0
"Christensenella",0,0,0,0,0,0,0,68,0,9,0,0,0,0,0,0,0,0,0,0,0,17,9,18,0,0
"Christensenellaceae_R-7_group",9,0,0,199,0,0,2,0,5,0,4,4,2,0,9,9,0,0,0,0,0,0,0,0,0,4
"d__Bacteria_Firmicutes_Clostridia_Christensenellales_Christensenellaceae_uncultured",0,0,6,0,0,0,0,0,0,0,5,0,0,4,0,0,0,3,0,0,0,0,0,0,39,0
"Fastidiosipila",13,0,0,55,40,0,0,0,0,0,0,0,0,0,0,0,0,0,0,0,0,0,0,0,0,4
"d__Bacteria_Firmicutes_Clostridia_Clostridia_Hungateiclostridiaceae_uncultured",0,0,0,42,0,0,0,0,0,0,0,0,2,0,0,3,0,0,0,0,0,0,0,0,0,0
"Clostridia_UCG-014",22,6,34,64,0,7,9,0,30,0,0,0,21,0,65,2,32,7,10,67,634,13,0,0,162,14
"Clostridia_vadinBB60_group",7,0,0,0,2,0,0,0,0,0,0,2,10,0,8,0,3,0,0,10,132,0,0,0,0,0
"Fonticella",5,0,0,0,0,0,0,0,2,0,0,0,0,0,0,0,0,0,0,0,0,0,0,0,0,0
"Candidatus_Arthromitus",0,0,0,0,0,0,6,311,0,21,0,0,0,6,8,0,6,0,0,25,274,44,65,88,0,2
"Clostridium_sensu_stricto_1",1067,0,2,0,0,0,0,0,65,0,4,0,0,0,0,0,0,0,0,0,0,0,0,7,47,0
"Clostridium_sensu_stricto_18",8,0,0,0,0,0,0,0,6,0,0,0,0,0,0,0,0,0,0,0,0,0,0,0,0,0
"Proteiniclasticum",11,0,0,19,0,0,0,6,4,0,3,0,0,0,5,0,0,0,0,0,0,0,0,0,8,0
"d__Bacteria_Firmicutes_Clostridia_Eubacteriales_Eubacteriaceae_uncultured",8,0,0,0,0,0,0,0,3,0,0,0,0,0,0,0,0,0,0,0,0,0,0,0,0,0
"Defluviitaleaceae_UCG-011",0,0,18,0,0,9,12,0,0,0,0,0,21,0,0,0,0,17,32,0,0,0,0,0,0,0
"[Eubacterium]_eligens_group",23,7,0,0,0,0,0,18,0,0,0,0,0,0,0,0,0,0,0,0,0,0,52,0,29,0
"[Eubacterium]_hallii_group",17,0,18,0,0,0,0,0,0,0,0,0,0,0,0,0,0,5,0,0,0,0,0,0,90,0
"[Eubacterium]_xylanophilum_group",0,0,0,0,0,0,45,0,0,3,6,0,0,0,0,0,74,0,0,210,1978,10,0,0,15,28
"[Ruminococcus]_torques_group",0,0,18,0,0,0,0,0,0,0,11,0,5,0,0,0,0,10,0,0,0,0,0,3,118,0
"A2",10,0,0,0,0,0,0,0,12,0,0,0,0,0,5,0,0,0,0,0,22,0,0,0,0,0
"Anaerostignum",4,0,0,0,0,0,0,0,4,0,0,0,0,0,0,0,0,0,0,0,0,0,0,0,0,0
"Blautia",45,0,0,79,0,0,0,143,6,14,0,0,15,0,49,0,0,0,0,0,8,6,26,37,15,4
"CAG-56",0,0,0,0,0,0,0,4,0,0,0,0,0,0,0,0,0,9,0,0,0,0,0,0,88,0
"Catonella",0,0,24,0,0,8,21,0,0,0,0,0,45,0,0,0,0,25,29,0,0,0,0,0,0,0
"Frisingicoccus",0,0,0,0,0,0,0,5,0,0,0,0,0,0,0,0,0,0,0,0,0,0,0,0,0,0
"Fusicatenibacter",0,0,0,0,0,0,0,0,0,0,0,0,0,0,0,0,0,12,0,0,0,0,0,0,67,0
"Hungatella",9,0,0,0,0,0,0,0,80,0,0,0,0,0,0,0,0,0,0,0,0,0,0,0,0,0
"Lachnoclostridium",13,0,12,0,0,0,0,9,23,0,10,0,0,7,76,0,57,9,0,151,964,0,0,0,209,17
"Lachnospiraceae_FCS020_group",5,0,0,0,0,0,0,4,0,0,0,0,0,0,0,0,0,0,0,0,0,0,0,0,0,0
"Lachnospiraceae_NK3A20_group",14,0,0,0,0,0,0,0,10,0,0,0,0,0,0,0,0,0,0,0,0,0,0,0,0,0
"Lachnospiraceae_NK4A136_group",29,0,12,0,0,0,25,6,36,0,5,5,0,19,316,0,62,6,0,142,1069,27,9,20,133,23
"Lachnospiraceae_NK4B4_group",0,0,0,46,0,0,0,0,0,0,0,4,0,0,0,0,0,0,0,0,0,0,0,0,0,0
"Lachnospiraceae_UCG-004",0,0,0,0,0,0,9,0,0,0,0,0,0,0,0,0,0,0,0,19,192,0,0,0,0,0
"Lachnospiraceae_UCG-006",0,0,0,0,0,0,0,11,0,7,0,0,0,0,0,0,9,0,0,16,162,0,0,0,0,0
"Lachnospiraceae_UCG-010",0,0,6,0,0,0,0,0,0,0,7,0,0,0,0,0,0,0,0,0,0,0,0,0,19,0
"Oribacterium",9,0,0,0,0,0,0,0,3,0,0,0,0,5,0,0,0,0,0,0,0,0,0,0,66,0
"Roseburia",0,0,23,0,0,9,26,0,0,0,0,0,60,0,2,0,0,25,24,0,0,8,0,0,23,0
"Sellimonas",38,0,0,0,0,0,0,0,9,0,0,0,0,0,0,0,0,0,0,0,0,0,0,0,0,0
"Shuttleworthia",0,0,3,0,0,0,0,3,0,4,0,0,0,0,0,0,0,0,0,0,0,129,0,0,0,0
"Tuzzerella",0,0,10,34,13,0,0,0,0,0,32,26,485,0,44,10,0,0,0,3,32,0,0,0,0,18
"Tyzzerella",0,0,0,0,0,0,0,0,0,0,0,4,7,0,0,0,0,0,0,0,0,0,0,0,0,0
"d__Bacteria_Firmicutes_Clostridia_Lachnospirales_Lachnospiraceae_uncultured",0,0,5,0,0,0,9,8,5,0,0,0,3,0,150,0,27,0,2,100,774,0,8,4,14,10
"Monoglobus",53,0,0,0,0,0,0,0,24,0,0,0,0,0,0,0,0,0,0,0,0,0,0,0,0,0
"[Clostridium]_methylpentosum_group",0,0,0,0,0,0,5,0,0,2,0,0,0,0,0,0,12,0,0,36,286,0,3,0,0,0
"[Eubacterium]_coprostanoligenes_group",95,0,14,60,0,0,0,82,33,10,21,5,18,22,90,0,67,0,0,21,6,9,54,27,113,0
"Butyricicoccus",4,0,0,0,0,0,0,0,2,0,0,0,0,0,0,0,0,0,0,8,31,0,0,0,0,0
"UCG-008",0,0,7,0,0,0,0,0,0,0,0,0,0,4,0,0,0,0,0,0,0,0,0,0,60,0
"Colidextribacter",10,0,5,0,0,0,0,7,26,0,10,0,0,9,29,0,7,0,0,0,104,0,0,0,103,0
"Intestinimonas",19,0,6,0,0,0,5,0,14,0,9,0,0,0,0,0,0,7,0,20,136,0,0,5,86,0
"NK4A214_group",0,0,0,43,0,0,160,0,19,0,0,0,0,0,9,0,0,4,0,0,40,0,3,0,5,8
"Oscillibacter",0,0,0,0,0,0,0,0,9,0,0,0,0,4,0,0,14,0,0,0,0,0,0,0,7,0
"Oscillospira",18,0,0,0,0,0,0,0,10,0,0,0,0,0,0,0,0,0,0,0,0,0,0,0,0,0
"Papillibacter",0,0,0,63,0,0,0,0,0,0,0,0,8,0,0,5,0,0,4,0,0,0,0,0,0,0
"UCG-002",50,0,0,0,0,0,0,0,6,0,0,0,0,0,0,0,0,5,0,0,0,0,0,0,62,0
"UCG-005",58,0,18,0,0,0,0,0,23,0,17,2,0,11,0,0,0,14,0,0,0,0,0,0,211,0
"d__Bacteria_Firmicutes_Clostridia_Oscillospirales_Oscillospiraceae_uncultured",0,0,0,0,3,0,0,0,0,0,0,0,0,0,11,0,10,0,0,41,245,0,0,0,0,0
"[Eubacterium]_siraeum_group",0,0,0,0,0,0,0,0,0,0,0,0,0,5,0,0,0,0,0,0,0,0,0,0,23,0
"Candidatus_Soleaferrea",0,0,0,0,0,0,0,0,0,0,3,5,17,0,0,0,0,0,0,0,0,0,0,0,0,0
"Caproiciproducens",0,0,0,0,0,0,0,0,0,0,0,0,0,0,0,0,3,0,0,0,47,0,0,0,0,0
"Faecalibacterium",0,0,0,0,0,0,0,0,0,0,10,0,0,0,0,0,0,0,0,0,0,0,0,0,17,0
"Harryflintia",0,0,0,0,0,0,2,0,0,0,0,0,0,0,0,0,0,4,0,0,86,0,0,0,38,0
"Incertae_Sedis",15,0,0,0,0,0,10,0,3,0,0,0,0,0,0,0,22,0,0,95,674,0,7,0,0,6
"Ruminococcaceae",0,0,0,3,0,0,0,0,0,0,0,0,16,0,0,0,0,0,0,0,0,0,0,0,0,3
"Ruminococcus",24,0,7,7,0,0,0,0,14,0,12,0,7,4,293,4,12,5,0,0,0,4,0,0,160,3
"Subdoligranulum",9,0,0,0,0,0,0,0,6,0,7,0,0,0,0,0,0,4,0,0,0,0,0,0,44,0
"d__Bacteria_Firmicutes_Clostridia_Oscillospirales_Ruminococcaceae_uncultured",6,0,0,0,0,5,100,0,3,0,5,0,2,4,0,2,206,0,0,608,5126,5,0,8,8,66
"UCG-010",3,0,8,112,103,0,0,0,5,0,17,4,56,4,5,8,0,0,0,3,9,0,0,0,106,0
"d__Bacteria_Firmicutes_Clostridia_Oscillospirales_uncultured_uncultured",0,0,0,31,3,0,0,0,0,0,0,4,0,0,0,0,0,0,0,0,0,0,0,0,0,2
"Peptococcus",0,0,35,0,0,13,23,0,0,0,0,0,59,0,0,0,0,37,35,0,0,0,0,0,0,0
"d__Bacteria_Firmicutes_Clostridia_Peptococcales_Peptococcaceae_uncultured",0,0,0,0,0,0,0,0,0,0,0,0,0,0,0,0,3,0,0,16,118,0,0,0,0,0
"[Eubacterium]_brachy_group",0,0,0,0,0,0,11,0,0,0,0,0,0,0,0,0,10,0,0,22,237,0,0,0,0,0
"[Eubacterium]_nodatum_group",6,0,0,0,0,0,0,0,0,0,0,0,0,0,0,0,0,0,0,11,60,0,0,0,0,0
"Family_XIII_AD3011_group",8,0,0,0,0,0,0,38,0,4,0,0,0,4,0,0,0,0,0,0,36,0,5,19,0,0
"d__Bacteria_Firmicutes_Clostridia_Peptostreptococcales-Tissierellales_Anaerovoracaceae_uncultured",0,0,0,0,0,0,0,0,0,0,0,8,47,0,0,0,0,0,0,0,0,0,0,0,0,0
"Fusibacter",0,0,6,0,0,2,0,0,0,0,0,0,8,0,0,0,0,5,18,0,0,0,0,0,0,0
"Clostridioides",0,0,0,0,0,0,0,0,17,0,0,0,0,0,0,0,0,0,0,0,0,0,0,0,0,0
"Filifactor",0,0,9,0,0,3,0,0,0,0,0,0,22,2,7,0,0,20,9,0,0,0,0,0,0,0
"Paraclostridium",15,0,0,0,0,0,0,0,9,0,0,0,0,0,0,0,0,0,0,0,0,0,0,0,0,0
"Peptoclostridium",92,0,22,0,0,0,3,0,29,0,0,0,43,0,0,0,0,0,0,0,0,0,0,0,2,0
"Peptostreptococcus",0,0,3,0,0,2,0,0,0,0,0,0,0,0,0,0,0,0,4,0,0,0,0,0,0,0
"Proteocatella",0,0,12,0,0,4,0,0,0,0,0,0,18,0,0,0,0,8,9,0,0,0,0,0,0,0
"d__Bacteria_Firmicutes_Clostridia_Peptostreptococcales-Tissierellales_Peptostreptococcaceae_uncultured",0,0,22,0,0,3,25,0,0,0,0,0,72,0,0,0,0,22,30,0,0,0,0,0,0,0
"Anaerococcus",14,16,0,62,0,0,0,4,3,0,3,0,0,0,27,0,0,0,0,330,362,3,0,8,0,3
"Ezakiella",0,0,0,0,31,0,0,0,0,0,0,0,0,0,27,0,0,0,0,0,0,0,0,0,0,0
"Fenollaria",0,0,0,0,0,0,0,0,0,0,0,0,5,0,454,0,3,3,0,9,121,0,0,0,0,2
"Finegoldia",14,0,0,0,0,3,52,9,13,28,0,9,0,0,10,0,2,0,0,133,165,14,9,7,0,4
"Guggenheimella",0,0,0,40,0,0,0,0,0,0,2,0,0,0,0,0,0,0,0,0,0,0,0,0,0,0
"Keratinibaculum",0,0,0,0,0,0,0,0,0,0,0,0,0,0,3,0,0,0,0,2,0,0,0,0,0,0
"Murdochiella",0,0,0,0,5,0,0,0,0,3,0,0,0,0,0,0,0,0,0,0,0,0,0,0,0,0
"Parvimonas",0,0,3,255,5,0,6,0,0,0,5,8,22,0,4,0,0,0,14,0,0,0,0,0,0,3
"Peptoniphilus",0,0,0,0,14,0,0,0,0,0,0,0,0,0,0,0,0,0,0,0,4,0,0,0,0,0
"d__Bacteria_Firmicutes_Clostridia_Peptostreptococcales-Tissierellales_Peptostreptococcales-Tissierellales_uncultured",0,0,15,0,0,0,9,0,0,0,0,0,36,0,0,0,0,14,16,0,0,0,0,0,0,0
"Sedimentibacter",7,0,0,0,0,0,0,0,5,0,0,0,0,0,0,0,0,0,0,0,0,0,0,0,0,0
"Desulfosporosinus",0,0,0,0,0,0,0,2,0,4,0,0,0,0,0,0,11,0,0,0,0,0,0,0,0,0
"DTU014",0,0,0,0,0,0,0,0,0,0,0,0,0,0,3,0,0,0,0,2,0,0,0,0,0,0
"Limnochordaceae",2,0,0,0,0,0,0,0,2,0,0,0,0,0,0,0,0,0,0,0,0,0,0,0,0,0
"Phascolarctobacterium",13,0,6,0,0,0,0,0,7,0,4,0,0,4,16,0,2,0,0,0,6,2,7,0,140,0
"Anaerovibrio",15,0,0,0,0,0,0,0,2,0,0,0,0,0,0,0,0,0,0,0,0,0,0,0,0,0
"Allisonella",0,0,0,0,0,0,0,0,3,0,9,0,0,0,0,0,0,7,0,0,0,0,0,0,77,0
"Dialister",43,0,0,0,46,0,0,0,0,0,0,0,0,0,79,0,0,0,0,0,0,7,0,0,0,0
"Megasphaera",13,16,0,0,0,0,0,3,0,0,0,0,0,0,0,0,6,0,0,0,0,5,0,0,0,0
"Negativicoccus",50,0,0,0,21,0,0,0,0,0,0,0,0,0,34,0,2,0,0,0,90,0,0,0,0,0
"Veillonella",0,0,0,0,0,131,0,0,52,0,0,0,0,0,0,0,0,0,0,0,0,0,0,0,15,0
"Syntrophomonas",0,0,0,232,0,0,0,0,0,0,3,4,5,0,0,0,0,0,0,0,0,0,0,0,0,3
"Cetobacterium",16,18,0,0,0,0,0,5,8,4,0,0,0,0,0,0,0,0,0,0,5,0,111,12,0,0
"Fusobacterium",0,0,35,0,0,8,40,0,4,0,0,0,77,0,0,0,0,45,48,0,0,0,0,0,57,0
"Leptotrichia",0,0,0,0,0,0,0,0,0,0,5,0,0,0,0,4,0,0,0,0,0,0,0,0,0,0
"Sneathia",2,0,0,0,0,0,0,0,0,0,0,0,0,0,0,0,0,0,0,0,0,13,0,0,0,0
"AKAU4049",7,0,0,0,0,0,0,0,12,69,0,0,0,0,0,0,0,0,0,0,4,24,0,0,0,0
"BD2-11_terrestrial_group",0,0,3,0,0,0,0,0,0,0,0,0,5,0,0,0,0,0,0,0,0,0,0,0,0,0
"Gemmatimonas",38,0,0,0,0,0,0,0,22,0,0,0,0,12,0,0,0,0,0,0,0,0,0,0,6,0
"d__Bacteria_Gemmatimonadota_Gemmatimonadetes_Gemmatimonadales_Gemmatimonadaceae_uncultured",64,0,0,0,0,0,88,5,25,54,0,0,0,75,0,0,0,0,3,2,0,38,0,5,35,0
"Longimicrobiaceae",0,0,0,0,0,0,0,0,0,3,0,0,0,0,0,0,0,0,0,18,0,0,0,0,0,0
"S0134_terrestrial_group",2,0,0,0,0,2,315,0,4,0,0,0,0,0,0,0,0,13,9,0,0,0,0,0,0,18
"Latescibacterota",3,0,0,0,0,0,0,2,22,5,0,0,0,0,0,0,0,0,0,0,0,5,0,0,0,0
"MBNT15",0,0,0,0,0,0,0,0,0,0,0,0,0,21,11,0,0,0,0,0,0,0,0,0,0,0
"Rokubacteriales",0,0,0,67,0,0,0,0,5,10,0,0,0,48,0,0,0,0,0,0,0,12,0,0,22,0
"WX65",5,0,0,0,0,0,0,0,4,5,0,0,0,0,0,0,0,0,0,0,0,6,0,0,0,0
"bacteriap25",0,0,0,76,0,0,0,0,0,0,3,0,11,0,21,6,0,0,0,0,0,0,0,0,0,0
"Anaeromyxobacter",13,0,0,0,0,0,0,0,10,0,0,0,0,0,0,0,0,0,0,0,0,0,0,0,0,0
"Haliangium",0,0,0,0,0,0,0,0,0,0,0,0,2,0,0,0,0,0,0,0,0,0,0,0,0,46
"mle1-27",0,0,0,0,0,0,0,0,0,0,0,0,0,39,37,0,0,0,0,0,0,0,0,0,7,0
"d__Bacteria_Myxococcota_Polyangia_Nannocystales_Nannocystaceae_uncultured",0,0,0,2,0,0,5,0,0,0,18,9,0,0,0,7,0,7,14,0,0,0,0,0,0,0
"Pajaroellobacter",17,0,0,0,0,7,146,0,6,0,0,0,0,0,0,0,0,0,5,0,0,0,0,0,0,6
"d__Bacteria_Myxococcota_Polyangia_Polyangiales_Sandaracinaceae_uncultured",0,0,0,0,0,2,0,0,0,0,0,0,0,0,0,0,0,0,0,10,0,0,0,0,0,0
"NB1-j",0,0,0,18,0,0,0,0,0,0,0,4,0,0,0,2,0,0,0,4,4,0,0,0,0,0
"Nitrospira",0,0,12,2,0,0,0,0,0,0,8,0,0,33,0,0,3,8,0,0,0,0,0,0,168,3
"d__Bacteria_Nitrospirota_Thermodesulfovibrionia_uncultured_uncultured_uncultured",13,0,0,0,0,0,0,0,4,0,0,0,0,0,0,0,0,0,0,0,0,0,0,0,0,0
"Absconditabacteriales_(SR1)",0,0,0,0,0,0,0,0,0,0,0,4,22,0,0,0,0,0,0,0,0,0,0,0,0,0
"Candidatus_Saccharimonas",5,8,0,0,0,0,0,0,77,0,0,0,0,0,0,0,0,0,0,16,209,14,0,0,0,0
"TM7x",0,0,0,0,0,0,0,0,0,0,2,0,0,0,5,0,0,0,0,0,0,0,0,3,19,0
"Saccharimonadales",5,0,0,0,0,0,0,0,6,0,0,0,0,0,0,0,0,0,0,0,0,0,0,0,0,0
"OM190",0,0,0,0,0,0,55,0,0,0,4,0,0,0,0,0,0,8,8,0,0,0,0,0,0,0
"CL500-3",2,0,0,0,0,0,0,0,5,0,0,0,0,0,0,0,0,0,0,0,0,0,0,0,0,0
"WD2101_soil_group",0,0,0,0,0,0,0,0,0,0,0,0,0,0,3,0,0,0,0,0,0,0,0,0,3,0
"Pla3_lineage",0,0,0,0,0,2,71,0,0,0,0,0,0,0,0,0,0,0,2,0,0,0,0,0,0,0
"Gemmata",0,0,0,0,0,0,0,0,0,0,0,0,0,34,47,0,0,0,0,0,0,0,0,0,14,0
"d__Bacteria_Planctomycetota_Planctomycetes_Gemmatales_Gemmataceae_uncultured",0,0,0,0,0,0,4,0,0,0,4,0,0,114,215,0,0,0,0,0,0,0,0,0,40,192
"Rhodopirellula",0,0,0,0,0,4,19,0,0,0,26,39,0,0,0,0,0,69,109,0,0,0,0,0,0,0
"Rubripirellula",0,0,0,0,3,0,0,0,0,0,0,0,0,0,11,0,0,0,0,0,0,0,0,0,0,0
"Fuerstia",0,0,0,0,0,0,0,0,0,0,0,2,0,0,0,0,0,3,0,0,0,0,0,0,0,0
"d__Bacteria_Planctomycetota_Planctomycetes_Planctomycetales_uncultured_uncultured",0,0,0,0,0,0,0,0,0,0,0,0,0,0,0,0,70,2,0,0,0,0,0,0,0,0
"d__Bacteria_Planctomycetota_Planctomycetes_uncultured_uncultured_uncultured",0,0,0,0,0,0,0,0,0,0,0,0,0,2,8,0,0,0,0,0,0,0,0,0,0,0
"Gluconobacter",0,0,0,0,0,0,0,0,0,0,0,0,0,0,0,0,3,0,0,3,0,0,0,0,0,0
"Rhodovarius",0,0,0,0,0,0,0,0,0,0,0,0,0,0,8,0,0,0,0,0,0,0,0,0,4,0
"Rubritepida",0,0,0,0,0,0,0,0,0,0,0,0,0,37,34,0,0,0,0,0,0,0,0,0,17,0
"Elioraea",0,0,0,0,0,0,0,0,0,0,0,0,0,50,93,0,0,0,0,0,0,0,0,0,19,0
"Azospirillum",10,13,0,0,0,0,0,0,0,0,0,0,0,0,0,0,0,0,0,0,0,0,0,0,0,0
"Skermanella",45,0,0,3,0,0,0,0,17,0,0,0,5,0,0,0,0,0,0,0,0,0,0,0,0,0
"d__Bacteria_Proteobacteria_Alphaproteobacteria_Azospirillales_uncultured_uncultured",0,0,0,0,0,0,0,0,0,7,0,0,0,0,0,0,0,0,0,0,0,5,0,0,0,0
"Caedibacter",7,0,0,0,0,0,0,0,3,0,0,0,0,0,0,0,0,0,0,0,0,0,0,0,0,0
"Asticcacaulis",14,0,0,0,0,0,0,0,7,0,0,0,0,0,0,0,0,0,0,0,0,0,0,0,0,2
"Brevundimonas",0,0,0,7,0,0,30,0,0,0,0,0,5,0,0,0,0,0,0,0,0,0,0,0,0,4
"Caulobacter",0,0,0,0,0,0,0,0,24,0,0,0,0,0,0,0,0,0,0,0,0,0,3,0,0,0
"d__Bacteria_Proteobacteria_Alphaproteobacteria_Caulobacterales_Caulobacteraceae_uncultured",0,0,0,0,0,0,0,0,17,0,0,0,0,0,0,0,0,0,0,0,0,0,0,2,0,0
"Oceanicaulis",0,0,0,11,0,30,28,0,0,0,99,46,9,0,0,18,0,85,89,0,0,0,0,0,3,4
"SWB02",0,0,4,0,0,0,0,0,0,0,3,0,0,0,0,0,0,3,0,0,0,0,0,0,43,0
"d__Bacteria_Proteobacteria_Alphaproteobacteria_Caulobacterales_Hyphomonadaceae_uncultured",0,0,2,41,9,158,179,0,0,0,729,260,32,12,27,134,11,496,539,0,0,0,0,0,20,25
"Defluviicoccus",0,0,2,0,0,0,0,0,0,0,0,0,4,0,0,0,0,0,0,0,0,0,0,0,0,0
"Dongia",3,13,0,0,0,0,0,0,0,0,0,0,0,0,4,0,0,0,0,0,0,9,3,0,2,0
"d__Bacteria_Proteobacteria_Alphaproteobacteria_Elsterales_uncultured_uncultured",0,0,0,8,0,0,3,0,0,0,0,0,0,0,0,0,0,0,0,0,0,0,0,0,0,32
"d__Bacteria_Proteobacteria_Alphaproteobacteria_Kiloniellales_Fodinicurvataceae_uncultured",22,0,0,0,0,0,0,0,2,0,0,0,0,0,0,0,0,0,0,0,0,0,0,0,0,0
"d__Bacteria_Proteobacteria_Alphaproteobacteria_Micavibrionales_Micavibrionaceae_uncultured",0,0,0,19,5,167,91,0,0,0,687,190,14,10,9,100,0,344,457,0,0,0,0,0,15,15
"d__Bacteria_Proteobacteria_Alphaproteobacteria_Micavibrionales_uncultured_uncultured",7,0,0,0,0,0,0,0,2,0,0,0,0,0,0,0,0,0,0,0,0,0,0,0,0,0
"d__Bacteria_Proteobacteria_Alphaproteobacteria_Micropepsales_Micropepsaceae_uncultured",0,13,0,0,0,0,0,0,13,0,0,0,0,0,0,0,0,0,0,0,0,0,0,0,0,0
"d__Bacteria_Proteobacteria_Alphaproteobacteria_Paracaedibacterales_Paracaedibacteraceae_uncultured",0,0,0,0,0,0,0,0,0,0,2,2,17,0,0,0,0,0,0,0,0,0,0,0,0,0
"Parvibaculaceae",0,0,0,0,0,0,0,0,0,0,16,0,0,0,0,4,0,12,16,0,0,0,0,0,0,0
"PS1_clade",0,0,0,0,0,0,0,0,0,0,0,0,0,0,5,0,0,0,0,0,0,0,0,0,6,0
"SAR116_clade",0,0,0,0,0,0,0,0,0,0,0,0,0,0,39,0,0,0,0,6,0,0,0,0,0,2
"A0839",0,0,0,19,0,0,0,0,0,0,0,3,0,0,0,0,0,0,0,0,0,0,0,0,0,0
"1174-901-12",34,0,0,0,0,0,0,0,12,0,0,0,0,0,0,0,0,0,0,0,0,0,0,0,0,0
"Bosea",16,0,0,0,0,0,0,0,0,0,0,0,0,0,0,0,0,0,0,0,0,0,6,0,0,0
"Methylobacterium-Methylorubrum",231,0,0,0,0,0,0,0,121,0,0,0,0,0,0,0,0,0,0,0,0,0,0,0,0,0
"Microvirga",0,0,0,0,0,0,0,0,13,7,0,0,0,0,0,0,0,0,0,0,0,0,0,0,0,0
"Psychroglaciecola",0,0,0,3,0,0,0,0,0,0,0,22,3,0,0,0,0,0,0,0,0,0,0,0,0,0
"d__Bacteria_Proteobacteria_Alphaproteobacteria_Rhizobiales_Beijerinckiaceae_uncultured",0,0,0,0,0,0,136,0,0,0,3,0,0,0,0,0,50,6,4,0,0,0,0,0,0,6
"Devosia",0,0,0,0,0,0,0,0,0,0,0,0,0,0,0,0,0,0,0,0,0,0,16,11,0,0
"Maritalea",0,0,0,0,0,0,0,0,0,0,8,0,0,0,0,0,0,5,7,0,0,0,0,0,0,0
"KF-JG30-B3",0,0,0,0,0,0,0,0,0,0,0,0,0,5,0,0,0,0,0,0,2,0,0,0,0,0
"d__Bacteria_Proteobacteria_Alphaproteobacteria_Rhizobiales_Methyloligellaceae_uncultured",8,0,0,0,0,0,0,0,0,0,0,0,0,0,7,0,0,0,0,0,0,12,0,0,0,0
"Allorhizobium-Neorhizobium-Pararhizobium-Rhizobium",29,15,0,0,0,0,0,14,20,14,25,0,0,0,9,0,413,5,0,3,7,25,66,34,0,0
"Nordella",0,0,0,30,0,0,0,0,0,0,0,0,0,0,0,0,0,0,0,0,0,0,0,0,0,2
"Phreatobacter",0,0,0,0,0,0,0,0,0,0,0,0,0,8,0,0,0,0,2,0,0,0,0,0,5,0
"d__Bacteria_Proteobacteria_Alphaproteobacteria_Rhizobiales_Rhizobiales_Incertae_Sedis_uncultured",12,0,0,0,0,0,0,0,0,0,0,0,0,4,0,0,0,0,0,95,0,0,0,0,0,0
"Stappiaceae",20,0,0,0,0,0,0,0,15,0,0,0,0,0,0,0,0,0,0,0,0,0,0,0,0,0
"Bradyrhizobium",0,0,5,0,0,0,0,0,0,0,12,0,0,0,13,0,0,0,0,0,0,19,0,0,38,0
"Pseudolabrys",38,18,0,0,0,0,0,0,0,20,0,0,0,0,0,0,0,0,0,21,0,0,0,0,0,0
"d__Bacteria_Proteobacteria_Alphaproteobacteria_Rhizobiales_Xanthobacteraceae_uncultured",8,0,0,21,0,0,0,0,4,0,0,0,12,0,0,0,0,0,0,0,0,0,0,0,0,0
"Amylibacter",0,0,16,0,0,0,0,0,0,0,0,7,0,13,48,0,0,0,6,0,0,0,0,0,13,0
"Celeribacter",54,0,0,0,0,0,0,0,35,0,0,0,0,0,0,0,0,0,0,0,0,0,0,0,0,0
"Marivita",0,0,0,556,176,3158,3359,0,0,0,10902,3773,417,143,258,2581,81,9013,10337,9,18,0,0,0,194,315
"Nautella",65,0,0,0,0,0,0,0,0,0,0,0,0,17,0,0,0,0,0,0,0,0,0,0,0,0
"Paracoccus",33,27,0,0,0,0,0,0,22,0,0,0,0,0,0,0,0,0,0,0,5,0,12,11,0,0
"Rhodobacter",0,0,0,96,0,0,0,0,0,0,5,0,0,0,0,4,0,0,0,0,0,0,0,0,0,0
"Roseobacter",0,0,0,0,0,0,0,0,0,0,15,8,0,0,0,0,0,17,21,0,0,0,0,0,0,0
"Roseovarius",0,0,0,0,0,58,47,0,0,0,159,62,0,0,0,46,0,174,218,0,0,0,0,0,0,0
"Rubellimicrobium",0,0,0,7,54,0,0,0,0,0,0,7,0,0,0,0,0,0,0,0,0,0,0,0,0,0
"Sulfitobacter",41,0,0,0,0,0,0,0,17,0,21,6,0,0,0,0,0,7,10,0,0,0,0,0,0,0
"d__Bacteria_Proteobacteria_Alphaproteobacteria_Rhodobacterales_Rhodobacteraceae_uncultured",9,0,0,0,0,0,0,0,12,0,0,0,0,0,0,0,0,0,0,0,0,0,0,0,0,0
"Yoonia-Loktanella",0,0,0,0,0,10,11,0,0,0,36,18,0,0,0,6,0,37,44,0,0,0,0,0,0,0
"AEGEAN-169_marine_group",0,0,0,0,0,0,0,0,0,0,0,0,0,0,5,0,0,0,0,8,0,0,0,0,0,0
"Magnetospira",0,0,0,0,0,4,0,0,0,0,8,7,0,0,0,0,0,6,12,0,0,0,0,0,0,0
"d__Bacteria_Proteobacteria_Alphaproteobacteria_Rhodospirillales_Magnetospiraceae_uncultured",2,0,0,0,0,3,0,0,2,0,3,0,0,0,0,0,0,0,7,0,0,0,0,0,0,0
"d__Bacteria_Proteobacteria_Alphaproteobacteria_Rhodospirillales_Magnetospirillaceae_uncultured",0,0,0,0,0,0,0,0,0,0,0,0,0,0,0,0,0,0,0,0,0,0,0,3,0,0
"d__Bacteria_Proteobacteria_Alphaproteobacteria_Rhodospirillales_uncultured_uncultured",0,0,0,0,0,0,0,0,0,0,0,0,0,0,17,0,0,0,0,0,0,0,0,0,8,0
"AB1",0,0,0,0,0,0,0,0,0,0,0,2,0,0,8,0,0,0,0,0,0,0,0,0,0,0
"Anaplasma",0,0,0,0,0,0,0,0,0,0,0,0,0,16,25,0,0,0,0,0,0,0,0,0,0,0
"Neorickettsia",14,0,0,0,0,0,0,0,2,0,0,0,0,0,0,0,0,0,0,0,0,0,0,0,0,0
"Rickettsia",705,0,0,0,0,0,0,0,383,0,0,0,0,0,12,0,0,0,4,0,0,0,0,0,0,0
"d__Bacteria_Proteobacteria_Alphaproteobacteria_Rickettsiales_Rickettsiaceae_uncultured",0,0,0,6,4,23,27,0,0,0,151,43,2,0,2,17,0,83,87,0,0,0,0,0,0,7
"SM2D12",0,0,0,0,0,0,0,0,0,0,9,2,0,0,0,0,0,0,0,0,0,0,0,0,0,0
"d__Bacteria_Proteobacteria_Alphaproteobacteria_Rickettsiales_uncultured_uncultured",0,0,0,2,0,0,0,0,0,0,0,3,80,0,6,4,0,0,0,0,0,0,0,0,0,0
"Clade_Ia",0,0,2,6,0,4,0,0,0,0,8,8,0,0,111,0,0,5,4,25,0,0,0,0,0,0
"Altererythrobacter",13,0,0,0,0,0,0,0,11,0,0,0,0,0,0,0,0,0,0,0,0,0,0,0,0,0
"Novosphingobium",27,0,0,0,23,0,0,0,27,0,0,0,0,0,0,0,31,0,0,22,0,0,0,9,0,4
"Sandaracinobacter",0,0,0,0,0,0,0,0,0,0,0,0,0,25,11,0,0,0,0,0,0,0,0,0,5,0
"Sphingomonas",43,0,0,0,0,0,0,0,25,0,14,0,0,0,43,0,0,4,0,86,28,0,12,0,0,0
"Thalassobaculum",0,0,0,4,0,22,22,0,0,0,84,25,4,0,0,21,0,32,56,0,0,0,0,0,0,0
"Candidatus_Alysiosphaera",11,0,0,0,0,0,0,0,3,0,0,0,0,37,62,0,0,0,0,0,0,0,0,0,9,0
"d__Bacteria_Proteobacteria_Alphaproteobacteria_uncultured_uncultured_uncultured",0,0,3,0,0,0,0,0,0,0,0,0,3,34,0,0,0,0,0,3,4,0,0,0,39,0
"Acidithiobacillus",0,0,0,0,0,0,0,0,0,0,0,4,0,3,0,0,0,0,5,0,0,0,0,0,0,0
"Aeromonas",0,0,0,12,5,0,4,19,0,0,11,0,12,0,0,38,0,0,0,0,0,12,122,89,0,0
"Succinivibrio",9,0,0,0,0,0,0,0,0,0,0,0,0,0,3,0,0,0,0,0,0,0,0,0,0,0
"Alteromonas",0,0,0,123,87,561,537,0,0,0,2251,898,131,75,69,447,40,1759,2597,0,12,0,0,0,103,81
"Idiomarina",0,0,0,0,0,0,0,45,0,58,0,0,0,0,5,0,0,0,0,4,0,104,43,1000,0,0
"Marinobacter",56,0,0,0,0,0,0,0,30,0,0,0,0,0,0,0,0,0,0,0,0,0,0,0,0,0
"Achromobacter",19,0,0,0,0,0,0,0,0,0,0,0,0,0,6,0,0,0,0,0,0,14,0,0,0,0
"Advenella",0,0,0,0,0,0,7,0,0,0,0,0,0,0,36,0,0,0,0,0,6,0,0,0,0,103
"Bordetella",0,0,0,0,0,0,0,0,0,14,0,0,0,0,0,0,0,0,0,0,0,0,5,17,0,0
"Burkholderia-Caballeronia-Paraburkholderia",310,17,0,40,0,0,0,19,266,110,0,10,0,12,0,0,0,0,0,0,0,31,29,50,0,0
"Limnobacter",0,0,0,12,13,62,82,0,0,0,360,115,21,14,0,73,8,232,208,0,0,0,0,0,20,17
"Pandoraea",40,0,0,0,0,0,0,0,138,0,0,0,0,0,0,0,0,0,0,0,0,0,0,0,0,0
"Ralstonia",0,0,0,0,0,0,0,0,0,0,0,0,0,0,0,0,0,0,0,0,0,0,0,19,0,0
"Vogesella",0,0,0,0,0,0,0,0,0,8,0,0,0,0,0,0,0,0,0,0,0,3,42,18,0,0
"Aquabacterium",41,0,0,0,0,0,0,0,0,0,0,0,0,0,6,0,0,0,0,0,0,0,0,0,0,0
"Brachymonas",0,0,10,0,0,9,0,0,0,0,0,0,31,0,0,0,0,6,9,0,0,0,0,0,0,0
"Comamonas",0,0,0,0,0,0,0,0,33,11,0,0,0,0,0,0,0,0,0,0,0,15,18,16,0,0
"Hydrogenophaga",0,0,0,192,0,0,0,0,0,6,6,9,7,0,0,6,0,0,0,0,0,0,22,28,0,0
"Pseudorhodoferax",8,0,0,0,0,0,0,0,0,0,0,0,0,0,0,0,0,0,0,109,0,0,0,0,0,0
"Ramlibacter",30,21,0,0,0,0,0,0,32,0,0,0,0,0,0,0,0,0,0,19,0,0,0,0,0,0
"Simplicispira",0,0,0,100,0,0,0,0,0,0,6,0,0,0,0,0,0,0,0,0,0,0,0,0,0,0
"d__Bacteria_Proteobacteria_Gammaproteobacteria_Burkholderiales_Comamonadaceae_uncultured",0,0,0,0,0,0,0,0,0,16,0,0,0,0,0,0,0,0,0,0,0,0,0,0,0,0
"Ferrovum",0,0,0,0,0,0,0,7,0,47,0,0,0,0,0,0,0,0,0,0,0,9,15,0,0,0
"Hydrogenophilus",5,0,0,0,0,0,0,0,5,0,0,0,0,0,0,0,0,0,0,0,0,0,0,0,0,0
"Tepidiphilus",0,0,0,0,0,0,0,3,7,0,0,0,0,0,0,0,0,0,0,0,3,0,0,0,0,0
"Methylotenera",0,0,0,4,0,10,0,0,0,0,107,28,7,4,0,12,2,77,67,0,0,0,0,0,5,0
"MM2",10,0,0,0,0,0,0,0,10,0,0,0,0,0,0,0,0,0,0,0,0,0,0,0,0,0
"d__Bacteria_Proteobacteria_Gammaproteobacteria_Burkholderiales_Methylophilaceae_uncultured",0,0,0,0,0,0,0,0,0,5,0,0,0,0,0,0,0,0,0,0,0,0,0,0,0,0
"Neisseria",30,0,0,0,0,265,62,0,0,25,0,0,0,0,0,0,0,21,20,0,0,0,0,0,0,0
"Snodgrassella",790,0,0,0,0,0,0,0,59,0,0,0,0,0,0,0,0,0,0,0,0,0,0,0,0,0
"d__Bacteria_Proteobacteria_Gammaproteobacteria_Burkholderiales_Neisseriaceae_uncultured",0,0,0,20,0,0,0,0,0,0,10,0,2,0,6,0,0,0,0,0,3,0,0,0,0,0
"Ellin6067",10,0,0,101,0,0,2,0,7,33,0,0,0,0,0,5,0,0,4,28,0,8,0,0,0,0
"mle1-7",0,0,0,0,71,0,0,0,0,0,0,5,6,0,0,0,0,0,0,0,0,0,0,0,0,0
"MND1",6,0,0,35,0,0,61,0,6,70,0,3,9,38,54,6,0,4,6,15,12,41,0,0,28,0
"Janthinobacterium",19,0,0,0,0,0,0,0,0,0,0,0,0,0,0,0,0,0,0,0,0,0,0,0,0,0
"Massilia",98,0,0,0,0,13,0,0,125,0,0,0,0,0,0,0,13,0,0,977,8,0,0,0,0,0
"Azoarcus",0,0,0,0,0,0,0,0,0,0,0,0,0,0,0,0,0,0,0,0,0,0,21,22,0,0
"Azospira",0,0,0,0,0,0,0,0,0,0,0,0,0,0,0,0,0,0,0,6,0,0,17,5,0,0
"Dechloromonas",0,0,14,0,0,0,0,0,0,0,0,0,0,14,0,0,9,7,0,0,0,0,0,0,173,0
"d__Bacteria_Proteobacteria_Gammaproteobacteria_Burkholderiales_Rhodocyclaceae_uncultured",0,0,9,21,18,0,0,0,0,0,19,37,377,0,8,13,0,2,0,0,0,0,0,0,0,7
"SC-I-84",15,0,0,68,6,0,0,0,9,52,6,3,0,13,0,8,0,0,0,0,0,6,0,0,9,0
"AAP99",0,0,0,0,0,0,0,0,0,0,0,0,0,70,5,0,0,0,0,0,0,0,0,0,0,0
"Parasutterella",9,0,3,0,0,0,9,0,8,6,9,0,0,0,0,0,20,3,0,45,521,0,0,0,59,13
"Sutterella",0,0,0,0,0,0,0,0,0,0,0,0,0,0,13,0,0,0,0,2,0,0,0,0,5,0
"d__Bacteria_Proteobacteria_Gammaproteobacteria_Burkholderiales_Sutterellaceae_uncultured",0,0,0,0,0,0,0,0,24,0,0,0,0,30,29,0,0,0,0,0,0,0,20,0,7,0
"TRA3-20",6,0,0,0,0,0,0,0,0,0,0,0,0,8,4,0,0,0,0,0,0,0,0,0,0,0
"Haliea",0,0,0,0,0,0,0,0,0,0,9,0,0,0,0,0,0,3,9,0,0,0,0,0,0,0
"Microbulbifer",51,0,0,0,0,0,0,0,31,0,0,0,0,0,0,0,0,0,0,0,0,0,0,0,0,0
"Porticoccus",0,0,0,0,0,0,0,0,0,0,0,7,0,0,4,0,0,0,0,0,0,0,0,0,0,0
"Spongiibacter",0,0,0,0,3,5,7,0,0,0,22,7,0,0,0,5,0,17,26,0,0,0,0,0,0,0
"Rickettsiella",0,0,0,5,38,0,0,0,0,0,0,0,0,0,0,0,0,0,0,0,0,0,0,0,0,0
"Thioalkalispira-Sulfurivermis",0,0,3,0,0,0,0,0,0,0,0,0,0,0,0,0,0,0,0,0,0,0,0,0,21,0
"Pantoea",39,19,0,0,0,0,0,0,63,0,0,0,0,0,0,0,0,0,0,0,0,0,0,0,0,0
"Morganella",0,0,0,0,0,0,0,0,0,0,0,0,0,3,0,25,0,0,0,0,0,0,0,0,0,0
"d__Bacteria_Proteobacteria_Gammaproteobacteria_Granulosicoccales_uncultured_uncultured",0,0,0,28,0,0,0,0,0,0,0,0,0,0,0,5,0,0,0,0,0,0,0,0,0,0
"KF-JG30-C25",0,0,0,0,0,0,0,3,0,0,0,0,0,0,0,0,0,0,0,0,0,0,0,0,0,0
"KI89A_clade",0,0,0,3,0,19,16,0,0,0,91,24,10,4,5,10,0,39,52,0,0,0,0,0,6,6
"Legionella",5,0,0,41,13,134,123,0,4,0,630,216,34,26,14,69,6,450,525,0,0,0,0,0,24,19
"Methylocaldum",0,0,0,0,0,0,0,0,4,0,0,0,0,0,0,0,0,0,0,0,0,0,0,3,0,0
"d__Bacteria_Proteobacteria_Gammaproteobacteria_Methylococcales_Methylococcaceae_uncultured",25,0,0,0,0,0,0,0,9,0,0,0,0,0,0,0,0,0,0,0,0,0,0,0,0,0
"Methylothermus",0,0,0,0,0,0,0,0,0,0,0,0,0,15,4,0,0,0,0,0,0,0,0,0,0,0
"Methylophaga",6,0,0,0,0,0,0,0,11,0,0,0,0,0,0,0,0,0,0,0,0,0,0,0,0,0
"Alcanivorax",19,0,0,59,32,153,194,0,9,0,803,272,78,17,21,132,19,543,694,0,0,0,0,0,26,32
"Endozoicomonas",0,0,0,0,0,0,0,0,0,0,0,0,0,0,0,0,0,0,0,0,5,0,0,0,0,0
"Halomonas",8,0,0,0,0,0,0,0,5,0,0,17,73,28,0,0,0,0,18,0,0,0,0,0,0,0
"Litoricola",0,0,0,0,0,0,0,0,0,0,0,0,0,0,11,0,0,0,0,3,0,0,0,0,0,0
"Oleiphilus",0,0,0,0,0,8,0,0,0,0,40,8,0,0,0,4,2,7,20,0,0,0,0,0,0,0
"Pseudohongiella",0,0,0,11,9,39,14,0,0,0,167,30,12,4,0,29,0,93,89,0,0,0,0,0,8,5
"Saccharospirillum",48,0,0,0,0,0,0,0,22,0,0,0,0,0,0,0,0,0,0,0,0,0,0,0,0,0
"Gilliamella",56,0,0,0,0,0,0,0,15,0,0,0,0,0,0,0,0,0,0,0,0,0,0,0,0,0
"Frederiksenia",0,0,7,0,0,0,0,0,0,0,0,0,12,0,0,0,0,10,6,0,0,0,0,0,0,0
"Pasteurella",0,0,47,5,0,29,21,0,0,0,0,0,76,0,0,0,0,40,35,0,0,0,0,0,0,0
"PLTA13",7,0,0,0,0,0,0,0,0,0,0,3,0,12,5,0,0,0,0,5,6,22,7,3,0,0
"Acinetobacter",106,13,0,11,0,0,0,0,107,0,0,0,0,10,0,66,10,0,0,0,0,30,12,10,0,0
"Moraxella",0,0,76,0,0,27,53,0,0,0,0,0,135,0,0,0,0,69,53,0,0,0,0,0,0,0
"Psychrobacter",8,0,0,0,7,0,7,2,0,12,10,0,0,0,6,0,0,0,0,0,0,0,0,0,0,3
"Azotobacter",48,0,0,0,0,0,0,0,35,0,0,0,0,0,0,0,0,0,0,0,0,0,0,0,0,0
"Pseudomonas",100,31,0,0,52,15,0,4,47,0,0,0,0,71,26,24,25,0,0,2781,26,0,84,57,12,0
"Polycyclovorans",0,0,0,0,0,0,0,0,0,0,0,0,0,0,0,0,0,0,0,12,3,6,0,0,0,0
"SAR86_clade",0,0,7,5,0,0,0,0,0,0,0,4,0,0,99,0,0,0,0,0,0,0,0,0,6,0
"Candidatus_Tenderia",0,0,0,0,0,0,0,0,0,0,3,0,0,0,0,0,0,0,2,0,0,0,0,0,0,0
"SUP05_cluster",0,0,8,5,0,0,0,0,4,0,0,0,0,0,19,0,0,0,7,0,0,0,0,0,4,0
"d__Bacteria_Proteobacteria_Gammaproteobacteria_uncultured_uncultured_uncultured",5,0,0,0,0,0,0,0,3,0,0,0,0,0,0,0,0,0,0,0,0,0,0,0,0,0
"Photobacterium",27,0,0,43,0,0,0,0,85,0,0,0,0,0,0,0,0,0,0,0,0,0,0,0,0,0
"Salinivibrio",0,0,18,0,0,0,8,0,0,0,0,22,49,9,0,0,0,0,11,0,0,0,0,0,0,0
"Vibrio",34,0,0,0,0,0,0,0,10,0,0,0,0,0,0,0,0,0,0,0,0,0,0,0,0,0
"Ahniella",0,0,0,0,0,0,0,0,0,0,0,0,0,32,6,0,0,0,0,0,0,0,0,0,5,0
"Chujaibacter",0,0,0,0,0,0,0,3,0,6,0,0,0,0,0,0,0,0,0,0,0,13,17,0,0,0
"Dokdonella",0,0,0,0,0,0,0,0,0,0,0,0,0,9,0,0,0,0,0,0,0,0,0,0,56,0
"Dyella",0,0,0,0,0,0,0,0,0,0,0,0,0,0,0,0,0,0,0,0,0,23,31,0,0,0
"Frateuria",10,0,0,0,0,0,0,0,4,0,0,0,0,0,0,0,0,0,0,0,0,0,0,0,0,0
"Luteibacter",0,0,0,187,6,6,0,0,0,0,14,5,16,0,6,0,11,0,0,313,4,0,0,0,0,0
"Pseudofulvimonas",35,0,0,0,0,0,0,0,4,0,0,0,0,0,0,0,0,0,0,0,0,0,0,0,0,0
"d__Bacteria_Proteobacteria_Gammaproteobacteria_Xanthomonadales_Rhodanobacteraceae_uncultured",0,0,0,0,0,0,0,0,0,0,0,0,0,11,15,0,0,0,0,0,0,0,0,0,14,0
"Arenimonas",70,0,0,0,0,0,0,0,33,0,0,0,0,0,0,0,0,0,0,0,0,0,0,0,0,0
"Luteimonas",0,0,0,0,0,0,0,14,0,18,0,0,0,0,0,0,0,0,0,60,0,0,21,17,0,0
"Lysobacter",7,18,0,0,0,0,0,0,7,3,0,0,0,0,0,0,0,0,0,0,0,19,0,0,0,0
"Stenotrophomonas",0,18,0,0,0,0,0,0,18,0,0,0,0,0,13,0,0,0,0,0,0,0,0,0,0,2
"Thermomonas",0,0,0,224,6,0,0,0,0,0,6,12,9,0,0,12,0,0,0,0,0,0,0,0,0,6
"Vulcaniibacterium",0,0,0,0,0,0,0,11,0,7,0,0,0,0,7,0,0,0,0,0,0,14,9,5,0,0
"Leptospira",0,0,0,0,0,0,0,0,0,0,0,0,0,34,21,0,0,0,0,0,0,0,0,0,10,0
"RBG-16-49-21",5,0,0,0,0,0,0,0,5,0,0,0,0,0,0,0,0,0,0,0,0,0,0,0,0,0
"Turneriella",0,0,0,0,0,0,0,0,0,0,0,0,0,0,24,0,0,0,0,0,0,0,0,0,5,0
"d__Bacteria_Spirochaetota_Leptospirae_Leptospirales_Leptospiraceae_uncultured",0,0,0,2,0,12,21,0,0,0,93,31,0,3,0,7,0,47,90,0,0,0,0,0,3,0
"Spirochaeta",9,0,0,0,0,0,0,0,4,0,0,0,0,0,0,0,0,0,0,0,0,0,0,0,0,0
"Termite_Treponema_cluster",0,0,0,0,0,0,0,0,0,0,0,9,14,0,0,0,0,0,0,0,0,0,0,0,0,0
"Treponema",0,0,158,15,10,5,7,0,0,0,38,87,1425,0,36,28,0,13,17,3,0,0,0,0,0,9
"Acetomicrobium",0,0,0,0,0,0,0,0,0,0,0,0,0,0,4,2,0,0,0,0,0,0,0,0,0,0
"Fretibacterium",0,0,0,0,0,5,0,0,0,0,0,0,5,0,0,0,0,2,0,0,0,0,0,0,0,0
"Chlamydia",0,0,0,0,0,0,0,0,3,0,0,0,0,0,0,0,0,0,0,0,3,0,0,0,0,0
"cvE6",3,0,0,0,0,0,0,0,2,0,0,0,0,0,0,0,0,0,0,0,0,0,0,0,0,0
"SS1-B-02-17",0,0,0,0,0,0,0,0,0,0,0,0,2,0,10,0,0,0,0,0,0,0,0,0,0,0
"Chthoniobacter",9,0,0,0,0,0,0,0,3,0,0,0,0,0,0,0,0,0,0,0,0,0,0,0,0,0
"d__Bacteria_Verrucomicrobiota_Verrucomicrobiae_Methylacidiphilales_Methylacidiphilaceae_uncultured",0,0,0,0,0,0,0,0,0,0,2,0,0,0,0,0,0,3,0,0,0,0,0,0,34,0
"Diplosphaera",0,0,0,0,0,0,0,0,0,0,14,0,0,0,0,0,0,9,10,0,0,0,0,0,0,0
"ADurb.Bin063-1",4,0,0,0,0,0,0,0,0,0,0,0,0,0,0,0,0,0,0,0,0,0,0,0,0,0
"Ellin517",4,0,0,0,0,0,0,0,2,0,0,0,0,0,0,0,0,0,0,0,0,0,0,0,0,0
"d__Bacteria_Verrucomicrobiota_Verrucomicrobiae_uncultured_uncultured_uncultured",2,0,0,0,0,0,0,0,0,0,0,0,3,0,0,0,0,0,0,0,0,0,0,0,0,0
"Persicirhabdus",21,0,0,0,0,0,0,0,11,0,0,0,0,0,0,0,0,0,0,0,0,0,0,0,0,0
"Roseibacillus",0,0,0,0,0,0,0,0,0,0,0,0,0,0,13,0,0,0,0,2,0,0,0,0,0,0
"WPS-2",13,0,0,0,0,0,0,0,6,0,12,2,0,0,0,0,0,10,10,0,0,0,0,0,0,0
"Zixibacteria",5,0,0,0,0,0,0,0,3,0,0,0,0,0,0,0,0,0,0,0,0,0,0,0,0,0
"Unknown",644,26,111,494,173,2312,2222,2,415,31,8131,2727,475,1130,1263,1668,115,6651,6419,330,1365,30,45,99,946,365
